,Expediente,Nombre,ApellidoPaterno,ApellidoMaterno,AnoNacimiento,CiudadNacimiento,Estatura,TipoSangre,Carrera,Edad
1,307019.0,Jesus,Guevara,Ramirez,2003,Comonfort,1.79,No especificado,SOF18,21
2,283173.0,Alexis,Pathe,Guillen,1999,Ezequiel Montes,1.7,O+,SOF18,25
7,307013.0,Cesar,Hernandez,Pescador,2003,Celaya,1.7,O+,SOF18,21
9,276777.0,Andrei,Garcia,Bautista,2003,DF,1.72,O+,SOF18,21
10,307092.0,Pablo,Camorlinga,Vazquez,2003,San jose Iturbide,1.7,O-,SOF18,21
11,307110.0,Einar,Rodriguez,Valle,2001,DF,0.0,O-,SOF18,23
13,307051.0,Diego,Pescador,No especificado,2003,Salamanca,1.78,O+,SOF18,21
